Datasheet,Image,DK Part #,Mfr Part #,Mfr,Supplier,Description,Stock,Price,@ qty,Min Qty,Package,Series,"Part Status","Capacitance","Tolerance","Voltage - Rated","Temperature Coefficient","Operating Temperature","Features","Ratings","Applications","Failure Rate","Mounting Type","Package / Case","Size / Dimension","Height - Seated (Max)","Thickness (Max)","Lead Spacing","Lead Style"
"https://www.yageo.com/upload/media/product/productsearch/datasheet/mlcc/UPY-GPHC_X7R_6.3V-to-50V_18.pdf","-","13-CC1210KFX7R9BB475TR-ND,13-CC1210KFX7R9BB475CT-ND,13-CC1210KFX7R9BB475DKR-ND","CC1210KFX7R9BB475","Yageo","Yageo","MLCC CAP","17,862","0.48","0","1","Tape & Reel (TR),Cut Tape (CT),Digi-Reel®","CC","Active","4.7µF","±10%","50V","X7R","-55°C ~ 125°C","-","-","General Purpose","-","Surface Mount, MLCC","1210 (3225 Metric)","0.126"""" L x 0.098"""" W (3.20mm x 2.50mm)","-","0.110"""" (2.80mm)","-","-"
"https://www.yageo.com/upload/media/product/products/datasheet/mlcc/UPY-NP0X7R_MV_100-to-630V_21.pdf","//media.digikey.com/Renders/Yageo%20Renders/RL%20Series%201210(3225%20Metric).jpg","13-CC1210KKX7RBBB472TR-ND,13-CC1210KKX7RBBB472CT-ND,13-CC1210KKX7RBBB472DKR-ND","CC1210KKX7RBBB472","Yageo","Yageo","CAP CER 4700PF 500V X7R 1210","5,956","0.71","0","1","Tape & Reel (TR),Cut Tape (CT),Digi-Reel®","CC","Active","4700pF","±10%","500V","X7R","-55°C ~ 125°C","-","-","General Purpose","-","Surface Mount, MLCC","1210 (3225 Metric)","0.126"""" L x 0.098"""" W (3.20mm x 2.50mm)","-","0.057"""" (1.45mm)","-","-"
"https://www.yageo.com/upload/media/product/productsearch/datasheet/mlcc/UPY-GPHC_X7R_6.3V-to-50V_18.pdf","-","13-CC1210KFX7R8BB106TR-ND,13-CC1210KFX7R8BB106CT-ND,13-CC1210KFX7R8BB106DKR-ND","CC1210KFX7R8BB106","Yageo","Yageo","MLCC CAP","19,840","0.58","0","1","Tape & Reel (TR),Cut Tape (CT),Digi-Reel®","CC","Active","10µF","±10%","25V","X7R","-55°C ~ 125°C","-","-","General Purpose","-","Surface Mount, MLCC","1210 (3225 Metric)","0.126"""" L x 0.098"""" W (3.20mm x 2.50mm)","-","0.083"""" (2.10mm)","-","-"
"https://www.yageo.com/upload/media/product/productsearch/datasheet/mlcc/UPY-GPHC_X7R_6.3V-to-50V_18.pdf","//media.digikey.com/Renders/Yageo%20Renders/RL%20Series%201210(3225%20Metric).jpg","CC1210MKX7R6BB106-ND","CC1210MKX7R6BB106","Yageo","Yageo","CAP CER 10UF 10V X7R 1210","2,000","0.1596","0","2000","Tape & Reel (TR)","CC","Active","10µF","±20%","10V","X7R","-55°C ~ 125°C","-","-","General Purpose","-","Surface Mount, MLCC","1210 (3225 Metric)","0.126"""" L x 0.098"""" W (3.20mm x 2.50mm)","-","0.083"""" (2.10mm)","-","-"
"https://www.yageo.com/upload/media/product/productsearch/datasheet/mlcc/UPY-GPHC_X7R_6.3V-to-50V_18.pdf","//media.digikey.com/Renders/Yageo%20Renders/RL%20Series%201210(3225%20Metric).jpg","311-4523-2-ND,311-4523-1-ND,311-4523-6-ND","CC1210KKX7R9BB154","Yageo","Yageo","CAP CER 0.15UF 50V X7R 1210","6,230","0.65","0","1","Tape & Reel (TR),Cut Tape (CT),Digi-Reel®","CC","Active","0.15µF","±10%","50V","X7R","-55°C ~ 125°C","-","-","General Purpose","-","Surface Mount, MLCC","1210 (3225 Metric)","0.126"""" L x 0.098"""" W (3.20mm x 2.50mm)","-","0.049"""" (1.25mm)","-","-"
"https://www.yageo.com/upload/media/product/products/datasheet/mlcc/UPY-NP0X7R_MV_100-to-630V_21.pdf","//media.digikey.com/Renders/Yageo%20Renders/RL%20Series%201210(3225%20Metric).jpg","311-2044-2-ND,311-2044-1-ND,311-2044-6-ND","CC1210KKX7RYBB104","Yageo","Yageo","CAP CER 0.1UF 250V X7R 1210","19,560","0.66","0","1","Tape & Reel (TR),Cut Tape (CT),Digi-Reel®","CC","Active","0.1µF","±10%","250V","X7R","-55°C ~ 125°C","-","-","General Purpose","-","Surface Mount, MLCC","1210 (3225 Metric)","0.126"""" L x 0.098"""" W (3.20mm x 2.50mm)","-","0.071"""" (1.80mm)","-","-"
"https://www.yageo.com/upload/media/product/productsearch/datasheet/mlcc/UPY-GPHC_X7R_6.3V-to-50V_18.pdf","//media.digikey.com/Renders/Yageo%20Renders/RL%20Series%201210(3225%20Metric).jpg","311-3539-2-ND,311-3539-1-ND,311-3539-6-ND","CC1210MKX7R6BB475","Yageo","Yageo","CAP CER 4.7UF 10V X7R 1210","5,269","0.52","0","1","Tape & Reel (TR),Cut Tape (CT),Digi-Reel®","CC","Active","4.7µF","±20%","10V","X7R","-55°C ~ 125°C","-","-","General Purpose","-","Surface Mount, MLCC","1210 (3225 Metric)","0.126"""" L x 0.098"""" W (3.20mm x 2.50mm)","-","0.083"""" (2.10mm)","-","-"
"https://www.yageo.com/upload/media/product/products/datasheet/mlcc/UPY-NP0X7R_MV_100-to-630V_21.pdf","//media.digikey.com/Renders/Yageo%20Renders/RL%20Series%201210(3225%20Metric).jpg","311-1514-2-ND,311-1514-1-ND,311-1514-6-ND","CC1210KKX7R0BB104","Yageo","Yageo","CAP CER 0.1UF 100V X7R 1210","3,369","0.54","0","1","Tape & Reel (TR),Cut Tape (CT),Digi-Reel®","CC","Active","0.1µF","±10%","100V","X7R","-55°C ~ 125°C","-","-","General Purpose","-","Surface Mount, MLCC","1210 (3225 Metric)","0.126"""" L x 0.098"""" W (3.20mm x 2.50mm)","-","0.037"""" (0.95mm)","-","-"
"https://www.yageo.com/upload/media/product/productsearch/datasheet/mlcc/UPY-GPHC_X7R_6.3V-to-50V_18.pdf","//media.digikey.com/Renders/Yageo%20Renders/RL%20Series%201210(3225%20Metric).jpg","311-2026-2-ND,311-2026-1-ND,311-2026-6-ND","CC1210KKX7R6BB226","Yageo","Yageo","CAP CER 22UF 10V X7R 1210","172","0.74","0","1","Tape & Reel (TR),Cut Tape (CT),Digi-Reel®","CC","Active","22µF","±10%","10V","X7R","-55°C ~ 125°C","-","-","General Purpose","-","Surface Mount, MLCC","1210 (3225 Metric)","0.126"""" L x 0.098"""" W (3.20mm x 2.50mm)","-","0.106"""" (2.70mm)","-","-"
"https://www.yageo.com/upload/media/product/products/datasheet/mlcc/UPY-NP0X7R_MV_100-to-630V_21.pdf","//media.digikey.com/Renders/Yageo%20Renders/RL%20Series%201210(3225%20Metric).jpg","311-2024-2-ND,311-2024-1-ND,311-2024-6-ND","CC1210KKX7R0BB225","Yageo","Yageo","CAP CER 2.2UF 100V X7R 1210","5,225","1.54","0","1","Tape & Reel (TR),Cut Tape (CT),Digi-Reel®","CC","Active","2.2µF","±10%","100V","X7R","-55°C ~ 125°C","-","-","General Purpose","-","Surface Mount, MLCC","1210 (3225 Metric)","0.126"""" L x 0.098"""" W (3.20mm x 2.50mm)","-","0.087"""" (2.20mm)","-","-"
"https://www.yageo.com/upload/media/product/productsearch/datasheet/mlcc/UPY-GPHC_X7R_6.3V-to-50V_18.pdf","//media.digikey.com/Renders/Yageo%20Renders/RL%20Series%201210(3225%20Metric).jpg","311-4522-2-ND,311-4522-1-ND,311-4522-6-ND","CC1210KKX7R9BB104","Yageo","Yageo","CAP CER 0.1UF 50V X7R 1210","12,271","0.46","0","1","Tape & Reel (TR),Cut Tape (CT),Digi-Reel®","CC","Active","0.1µF","±10%","50V","X7R","-55°C ~ 125°C","-","-","General Purpose","-","Surface Mount, MLCC","1210 (3225 Metric)","0.126"""" L x 0.098"""" W (3.20mm x 2.50mm)","-","0.037"""" (0.95mm)","-","-"
"https://www.yageo.com/upload/media/product/productsearch/datasheet/mlcc/UPY-GPHC_X7R_6.3V-to-50V_18.pdf","//media.digikey.com/Renders/Yageo%20Renders/RL%20Series%201210(3225%20Metric).jpg","311-3534-2-ND,311-3534-1-ND,311-3534-6-ND","CC1210KKX7R7BB105","Yageo","Yageo","CAP CER 1UF 16V X7R 1210","9,244","0.48","0","1","Tape & Reel (TR),Cut Tape (CT),Digi-Reel®","CC","Active","1µF","±10%","16V","X7R","-55°C ~ 125°C","-","-","General Purpose","-","Surface Mount, MLCC","1210 (3225 Metric)","0.126"""" L x 0.098"""" W (3.20mm x 2.50mm)","-","0.057"""" (1.45mm)","-","-"
"https://www.yageo.com/upload/media/product/products/datasheet/mlcc/UPY-NP0X7R_MV_100-to-630V_21.pdf","//media.digikey.com/Renders/Yageo%20Renders/RL%20Series%201210(3225%20Metric).jpg","311-4519-2-ND,311-4519-1-ND,311-4519-6-ND","CC1210KKX7R0BB154","Yageo","Yageo","CAP CER 0.15UF 100V X7R 1210","11,561","0.61","0","1","Tape & Reel (TR),Cut Tape (CT),Digi-Reel®","CC","Active","0.15µF","±10%","100V","X7R","-55°C ~ 125°C","-","-","General Purpose","-","Surface Mount, MLCC","1210 (3225 Metric)","0.126"""" L x 0.098"""" W (3.20mm x 2.50mm)","-","0.057"""" (1.45mm)","-","-"
"https://www.yageo.com/upload/media/product/products/datasheet/mlcc/UPY-NP0X7R_HV_1KV-to-3KV_11.pdf","//media.digikey.com/Renders/Yageo%20Renders/RL%20Series%201210(3225%20Metric).jpg","311-2039-2-ND,311-2039-1-ND,311-2039-6-ND","CC1210KKX7RCBB103","Yageo","Yageo","CAP CER 10000PF 1KV X7R 1210","7,560","0.79","0","1","Tape & Reel (TR),Cut Tape (CT),Digi-Reel®","CC","Active","10000pF","±10%","1000V (1kV)","X7R","-55°C ~ 125°C","High Voltage","-","General Purpose","-","Surface Mount, MLCC","1210 (3225 Metric)","0.126"""" L x 0.098"""" W (3.20mm x 2.50mm)","-","0.057"""" (1.45mm)","-","-"
"https://www.yageo.com/upload/media/product/products/datasheet/mlcc/UPY-NP0X7R_MV_100-to-630V_21.pdf","//media.digikey.com/Renders/Yageo%20Renders/RL%20Series%201210(3225%20Metric).jpg","311-2045-2-ND,311-2045-1-ND,311-2045-6-ND","CC1210KKX7RYBB224","Yageo","Yageo","CAP CER 0.22UF 250V X7R 1210","5,911","0.66","0","1","Tape & Reel (TR),Cut Tape (CT),Digi-Reel®","CC","Active","0.22µF","±10%","250V","X7R","-55°C ~ 125°C","-","-","General Purpose","-","Surface Mount, MLCC","1210 (3225 Metric)","0.126"""" L x 0.098"""" W (3.20mm x 2.50mm)","-","0.057"""" (1.45mm)","-","-"
"https://www.yageo.com/upload/media/product/productsearch/datasheet/mlcc/UPY-GPHC_X7R_6.3V-to-50V_18.pdf","//media.digikey.com/Renders/Yageo%20Renders/RL%20Series%201210(3225%20Metric).jpg","311-2057-2-ND,311-2057-1-ND,311-2057-6-ND","CC1210MKX7R7BB226","Yageo","Yageo","CAP CER 22UF 16V X7R 1210","2,364","0.74","0","1","Tape & Reel (TR),Cut Tape (CT),Digi-Reel®","CC","Active","22µF","±20%","16V","X7R","-55°C ~ 125°C","-","-","General Purpose","-","Surface Mount, MLCC","1210 (3225 Metric)","0.126"""" L x 0.098"""" W (3.20mm x 2.50mm)","-","0.106"""" (2.70mm)","-","-"
"https://www.yageo.com/upload/media/product/productsearch/datasheet/mlcc/UPY-GPHC_X7R_6.3V-to-50V_18.pdf","//media.digikey.com/Renders/Yageo%20Renders/RL%20Series%201210(3225%20Metric).jpg","311-2035-2-ND,311-2035-1-ND,311-2035-6-ND","CC1210KKX7R9BB106","Yageo","Yageo","CAP CER 10UF 50V X7R 1210","226","0.77","0","1","Tape & Reel (TR),Cut Tape (CT),Digi-Reel®","CC","Active","10µF","±10%","50V","X7R","-55°C ~ 125°C","-","-","General Purpose","-","Surface Mount, MLCC","1210 (3225 Metric)","0.126"""" L x 0.098"""" W (3.20mm x 2.50mm)","-","0.110"""" (2.80mm)","-","-"
"https://www.yageo.com/upload/media/product/productsearch/datasheet/mlcc/UPY-GPHC_X7R_6.3V-to-50V_18.pdf","//media.digikey.com/Renders/Yageo%20Renders/RL%20Series%201210(3225%20Metric).jpg","311-2031-2-ND,311-2031-1-ND,311-2031-6-ND","CC1210KKX7R8BB106","Yageo","Yageo","CAP CER 10UF 25V X7R 1210","2,593","0.58","0","1","Tape & Reel (TR),Cut Tape (CT),Digi-Reel®","CC","Active","10µF","±10%","25V","X7R","-55°C ~ 125°C","-","-","General Purpose","-","Surface Mount, MLCC","1210 (3225 Metric)","0.126"""" L x 0.098"""" W (3.20mm x 2.50mm)","-","0.083"""" (2.10mm)","-","-"
"https://www.yageo.com/upload/media/product/productsearch/datasheet/mlcc/UPY-GPHC_X7R_6.3V-to-50V_18.pdf","//media.digikey.com/Renders/Yageo%20Renders/RL%20Series%201210(3225%20Metric).jpg","311-3541-2-ND,311-3541-1-ND,311-3541-6-ND","CC1210MKX7R8BB475","Yageo","Yageo","CAP CER 4.7UF 25V X7R 1210","4,000","0.53","0","1","Tape & Reel (TR),Cut Tape (CT),Digi-Reel®","CC","Active","4.7µF","±20%","25V","X7R","-55°C ~ 125°C","-","-","General Purpose","-","Surface Mount, MLCC","1210 (3225 Metric)","0.126"""" L x 0.098"""" W (3.20mm x 2.50mm)","-","0.083"""" (2.10mm)","-","-"
"https://www.yageo.com/upload/media/product/productsearch/datasheet/mlcc/UPY-GPHC_X7R_6.3V-to-50V_18.pdf","//media.digikey.com/Renders/Yageo%20Renders/RL%20Series%201210(3225%20Metric).jpg","311-2027-2-ND,311-2027-1-ND,311-2027-6-ND","CC1210KKX7R7BB106","Yageo","Yageo","CAP CER 10UF 16V X7R 1210","2,000","0.58","0","1","Tape & Reel (TR),Cut Tape (CT),Digi-Reel®","CC","Active","10µF","±10%","16V","X7R","-55°C ~ 125°C","-","-","General Purpose","-","Surface Mount, MLCC","1210 (3225 Metric)","0.126"""" L x 0.098"""" W (3.20mm x 2.50mm)","-","0.083"""" (2.10mm)","-","-"
"https://www.yageo.com/upload/media/product/products/datasheet/mlcc/UPY-NP0X7R_MV_100-to-630V_21.pdf","//media.digikey.com/Renders/Yageo%20Renders/RL%20Series%201210(3225%20Metric).jpg","311-4518-2-ND,311-4518-1-ND,311-4518-6-ND","CC1210KKX7R0BB103","Yageo","Yageo","CAP CER 10000PF 100V X7R 1210","1,795","0.44","0","1","Tape & Reel (TR),Cut Tape (CT),Digi-Reel®","CC","Active","10000pF","±10%","100V","X7R","-55°C ~ 125°C","-","-","General Purpose","-","Surface Mount, MLCC","1210 (3225 Metric)","0.126"""" L x 0.098"""" W (3.20mm x 2.50mm)","-","0.037"""" (0.95mm)","-","-"
"https://www.yageo.com/upload/media/product/productsearch/datasheet/mlcc/UPY-GPHC_X7R_6.3V-to-50V_18.pdf","//media.digikey.com/Renders/Yageo%20Renders/RL%20Series%201210(3225%20Metric).jpg","311-2034-2-ND,311-2034-1-ND,311-2034-6-ND","CC1210KKX7R9BB105","Yageo","Yageo","CAP CER 1UF 50V X7R 1210","34,506","0.39","0","1","Tape & Reel (TR),Cut Tape (CT),Digi-Reel®","CC","Active","1µF","±10%","50V","X7R","-55°C ~ 125°C","-","-","General Purpose","-","Surface Mount, MLCC","1210 (3225 Metric)","0.126"""" L x 0.098"""" W (3.20mm x 2.50mm)","-","0.057"""" (1.45mm)","-","-"
"https://www.yageo.com/upload/media/product/products/datasheet/mlcc/UPY-NP0X7R_MV_100-to-630V_21.pdf","//media.digikey.com/Renders/Yageo%20Renders/RL%20Series%201210(3225%20Metric).jpg","311-1513-2-ND,311-1513-1-ND,311-1513-6-ND","CC1210KKX7R0BB224","Yageo","Yageo","CAP CER 0.22UF 100V X7R 1210","1,373","0.61","0","1","Tape & Reel (TR),Cut Tape (CT),Digi-Reel®","CC","Active","0.22µF","±10%","100V","X7R","-55°C ~ 125°C","-","-","General Purpose","-","Surface Mount, MLCC","1210 (3225 Metric)","0.126"""" L x 0.098"""" W (3.20mm x 2.50mm)","-","0.057"""" (1.45mm)","-","-"
"https://www.yageo.com/upload/media/product/products/datasheet/mlcc/UPY-NP0X7R_MV_100-to-630V_21.pdf","//media.digikey.com/Renders/Yageo%20Renders/RL%20Series%201210(3225%20Metric).jpg","311-2038-2-ND,311-2038-1-ND,311-2038-6-ND","CC1210KKX7RBBB103","Yageo","Yageo","CAP CER 10000PF 500V X7R 1210","4","0.71","0","1","Tape & Reel (TR),Cut Tape (CT),Digi-Reel®","CC","Active","10000pF","±10%","500V","X7R","-55°C ~ 125°C","-","-","General Purpose","-","Surface Mount, MLCC","1210 (3225 Metric)","0.126"""" L x 0.098"""" W (3.20mm x 2.50mm)","-","0.057"""" (1.45mm)","-","-"
"https://www.yageo.com/upload/media/product/productsearch/datasheet/mlcc/UPY-GPHC_X7R_6.3V-to-50V_18.pdf","//media.digikey.com/Renders/Yageo%20Renders/RL%20Series%201210(3225%20Metric).jpg","311-4524-2-ND,311-4524-1-ND,311-4524-6-ND","CC1210KKX7R9BB224","Yageo","Yageo","CAP CER 0.22UF 50V X7R 1210","3,807","0.54","0","1","Tape & Reel (TR),Cut Tape (CT),Digi-Reel®","CC","Active","0.22µF","±10%","50V","X7R","-55°C ~ 125°C","-","-","General Purpose","-","Surface Mount, MLCC","1210 (3225 Metric)","0.126"""" L x 0.098"""" W (3.20mm x 2.50mm)","-","0.049"""" (1.25mm)","-","-"
"https://www.yageo.com/upload/media/product/products/datasheet/mlcc/UPY-NP0X7R_MV_100-to-630V_21.pdf","//media.digikey.com/Renders/Yageo%20Renders/RL%20Series%201210(3225%20Metric).jpg","311-4521-2-ND,311-4521-1-ND,311-4521-6-ND","CC1210KKX7R0BB473","Yageo","Yageo","CAP CER 0.047UF 100V X7R 1210","3,310","0.49","0","1","Tape & Reel (TR),Cut Tape (CT),Digi-Reel®","CC","Active","0.047µF","±10%","100V","X7R","-55°C ~ 125°C","-","-","General Purpose","-","Surface Mount, MLCC","1210 (3225 Metric)","0.126"""" L x 0.098"""" W (3.20mm x 2.50mm)","-","0.037"""" (0.95mm)","-","-"
"https://www.yageo.com/upload/media/product/productsearch/datasheet/mlcc/UPY-GPHC_X7R_6.3V-to-50V_18.pdf","//media.digikey.com/Renders/Yageo%20Renders/RL%20Series%201210(3225%20Metric).jpg","311-4525-2-ND,311-4525-1-ND,311-4525-6-ND","CC1210KKX7R9BB334","Yageo","Yageo","CAP CER 0.33UF 50V X7R 1210","10,795","0.48","0","1","Tape & Reel (TR),Cut Tape (CT),Digi-Reel®","CC","Active","0.33µF","±10%","50V","X7R","-55°C ~ 125°C","-","-","General Purpose","-","Surface Mount, MLCC","1210 (3225 Metric)","0.126"""" L x 0.098"""" W (3.20mm x 2.50mm)","-","0.049"""" (1.25mm)","-","-"
"https://www.yageo.com/upload/media/product/productsearch/datasheet/mlcc/UPY-GPHC_X7R_6.3V-to-50V_18.pdf","//media.digikey.com/Renders/Yageo%20Renders/RL%20Series%201210(3225%20Metric).jpg","311-3468-2-ND,311-3468-1-ND,311-3468-6-ND","CC1210MKX7R7BB106","Yageo","Yageo","CAP CER 10UF 16V X7R 1210","4,339","0.58","0","1","Tape & Reel (TR),Cut Tape (CT),Digi-Reel®","CC","Active","10µF","±20%","16V","X7R","-55°C ~ 125°C","-","-","General Purpose","-","Surface Mount, MLCC","1210 (3225 Metric)","0.126"""" L x 0.098"""" W (3.20mm x 2.50mm)","-","0.083"""" (2.10mm)","-","-"
"https://www.yageo.com/upload/media/product/products/datasheet/mlcc/UPY-NP0X7R_HV_1KV-to-3KV_11.pdf","//media.digikey.com/Renders/Yageo%20Renders/RL%20Series%201210(3225%20Metric).jpg","311-3615-2-ND,311-3615-1-ND,311-3615-6-ND","CC1210KKX7RDBB222","Yageo","Yageo","CAP CER 2200PF 2KV X7R 1210","11,029","0.83","0","1","Tape & Reel (TR),Cut Tape (CT),Digi-Reel®","CC","Active","2200pF","±10%","2000V (2kV)","X7R","-55°C ~ 125°C","High Voltage","-","General Purpose","-","Surface Mount, MLCC","1210 (3225 Metric)","0.126"""" L x 0.098"""" W (3.20mm x 2.50mm)","-","0.057"""" (1.45mm)","-","-"
"https://www.yageo.com/upload/media/product/productsearch/datasheet/mlcc/UPY-GPHC_X7R_6.3V-to-50V_18.pdf","//media.digikey.com/Renders/Yageo%20Renders/RL%20Series%201210(3225%20Metric).jpg","311-3535-2-ND,311-3535-1-ND,311-3535-6-ND","CC1210KKX7R9BB225","Yageo","Yageo","CAP CER 2.2UF 50V X7R 1210","4,075","0.93","0","1","Tape & Reel (TR),Cut Tape (CT),Digi-Reel®","CC","Active","2.2µF","±10%","50V","X7R","-55°C ~ 125°C","-","-","General Purpose","-","Surface Mount, MLCC","1210 (3225 Metric)","0.126"""" L x 0.098"""" W (3.20mm x 2.50mm)","-","0.087"""" (2.20mm)","-","-"
"https://www.yageo.com/upload/media/product/productsearch/datasheet/mlcc/UPY-GPHC_X7R_6.3V-to-50V_18.pdf","//media.digikey.com/Renders/Yageo%20Renders/RL%20Series%201210(3225%20Metric).jpg","311-3530-2-ND,311-3530-1-ND,311-3530-6-ND","CC1210JKX7R9BB105","Yageo","Yageo","CAP CER 1UF 50V X7R 1210","14,566","0.63","0","1","Tape & Reel (TR),Cut Tape (CT),Digi-Reel®","CC","Active","1µF","±5%","50V","X7R","-55°C ~ 125°C","-","-","General Purpose","-","Surface Mount, MLCC","1210 (3225 Metric)","0.126"""" L x 0.098"""" W (3.20mm x 2.50mm)","-","0.057"""" (1.45mm)","-","-"
"https://www.yageo.com/upload/media/product/productsearch/datasheet/mlcc/UPY-GPHC_X7R_6.3V-to-50V_18.pdf","//media.digikey.com/Renders/Yageo%20Renders/RL%20Series%201210(3225%20Metric).jpg","311-3654-2-ND,311-3654-1-ND,311-3654-6-ND","CC1210KKX7R8BB474","Yageo","Yageo","CAP CER 0.47UF 25V X7R 1210","4,908","0.66","0","1","Tape & Reel (TR),Cut Tape (CT),Digi-Reel®","CC","Active","0.47µF","±10%","25V","X7R","-55°C ~ 125°C","-","-","General Purpose","-","Surface Mount, MLCC","1210 (3225 Metric)","0.126"""" L x 0.098"""" W (3.20mm x 2.50mm)","-","0.045"""" (1.15mm)","-","-"
"https://www.yageo.com/upload/media/product/products/datasheet/mlcc/UPY-NP0X7R_MV_100-to-630V_21.pdf","//media.digikey.com/Renders/Yageo%20Renders/RL%20Series%201210(3225%20Metric).jpg","311-4526-2-ND,311-4526-1-ND,311-4526-6-ND","CC1210KKX7RABB473","Yageo","Yageo","CAP CER 0.047UF 200V X7R 1210","16,995","0.67","0","1","Tape & Reel (TR),Cut Tape (CT),Digi-Reel®","CC","Active","0.047µF","±10%","200V","X7R","-55°C ~ 125°C","-","-","General Purpose","-","Surface Mount, MLCC","1210 (3225 Metric)","0.126"""" L x 0.098"""" W (3.20mm x 2.50mm)","-","0.057"""" (1.45mm)","-","-"
"https://www.yageo.com/upload/media/product/products/datasheet/mlcc/UPY-NP0X7R_MV_100-to-630V_21.pdf","//media.digikey.com/Renders/Yageo%20Renders/RL%20Series%201210(3225%20Metric).jpg","311-4528-2-ND,311-4528-1-ND,311-4528-6-ND","CC1210KKX7RBBB473","Yageo","Yageo","CAP CER 0.047UF 500V X7R 1210","5,315","0.74","0","1","Tape & Reel (TR),Cut Tape (CT),Digi-Reel®","CC","Active","0.047µF","±10%","500V","X7R","-55°C ~ 125°C","-","-","General Purpose","-","Surface Mount, MLCC","1210 (3225 Metric)","0.126"""" L x 0.098"""" W (3.20mm x 2.50mm)","-","0.057"""" (1.45mm)","-","-"
"https://www.yageo.com/upload/media/product/productsearch/datasheet/mlcc/UPY-GPHC_X7R_6.3V-to-50V_18.pdf","//media.digikey.com/Renders/Yageo%20Renders/RL%20Series%201210(3225%20Metric).jpg","311-2033-2-ND,311-2033-1-ND,311-2033-6-ND","CC1210KKX7R8BB475","Yageo","Yageo","CAP CER 4.7UF 25V X7R 1210","2,071","0.46","0","1","Tape & Reel (TR),Cut Tape (CT),Digi-Reel®","CC","Active","4.7µF","±10%","25V","X7R","-55°C ~ 125°C","-","-","General Purpose","-","Surface Mount, MLCC","1210 (3225 Metric)","0.126"""" L x 0.098"""" W (3.20mm x 2.50mm)","-","0.083"""" (2.10mm)","-","-"
"https://www.yageo.com/upload/media/product/productsearch/datasheet/mlcc/UPY-GPHC_X7R_6.3V-to-50V_18.pdf","//media.digikey.com/Renders/Yageo%20Renders/RL%20Series%201210(3225%20Metric).jpg","311-2025-2-ND,311-2025-1-ND,311-2025-6-ND","CC1210KKX7R6BB106","Yageo","Yageo","CAP CER 10UF 10V X7R 1210","1,788","0.58","0","1","Tape & Reel (TR),Cut Tape (CT),Digi-Reel®","CC","Active","10µF","±10%","10V","X7R","-55°C ~ 125°C","-","-","General Purpose","-","Surface Mount, MLCC","1210 (3225 Metric)","0.126"""" L x 0.098"""" W (3.20mm x 2.50mm)","-","0.083"""" (2.10mm)","-","-"
"https://www.yageo.com/upload/media/product/products/datasheet/mlcc/UPY-NP0X7R_MV_100-to-630V_21.pdf","//media.digikey.com/Renders/Yageo%20Renders/RL%20Series%201210(3225%20Metric).jpg","311-4527-2-ND,311-4527-1-ND,311-4527-6-ND","CC1210KKX7RBBB223","Yageo","Yageo","CAP CER 0.022UF 500V X7R 1210","8,260","0.94","0","1","Tape & Reel (TR),Cut Tape (CT),Digi-Reel®","CC","Active","0.022µF","±10%","500V","X7R","-55°C ~ 125°C","-","-","General Purpose","-","Surface Mount, MLCC","1210 (3225 Metric)","0.126"""" L x 0.098"""" W (3.20mm x 2.50mm)","-","0.057"""" (1.45mm)","-","-"
"https://www.yageo.com/upload/media/product/products/datasheet/mlcc/UPY-NP0X7R_HV_1KV-to-3KV_11.pdf","//media.digikey.com/Renders/Yageo%20Renders/RL%20Series%201210(3225%20Metric).jpg","311-2040-2-ND,311-2040-1-ND,311-2040-6-ND","CC1210KKX7RCBB153","Yageo","Yageo","CAP CER 0.015UF 1KV X7R 1210","5,660","0.94","0","1","Tape & Reel (TR),Cut Tape (CT),Digi-Reel®","CC","Active","0.015µF","±10%","1000V (1kV)","X7R","-55°C ~ 125°C","High Voltage","-","General Purpose","-","Surface Mount, MLCC","1210 (3225 Metric)","0.126"""" L x 0.098"""" W (3.20mm x 2.50mm)","-","0.057"""" (1.45mm)","-","-"
"https://www.yageo.com/upload/media/product/productsearch/datasheet/mlcc/UPY-GPHC_X7R_6.3V-to-50V_18.pdf","//media.digikey.com/Renders/Yageo%20Renders/RL%20Series%201210(3225%20Metric).jpg","311-4517-2-ND,311-4517-1-ND,311-4517-6-ND","CC1210JKX7R9BB224","Yageo","Yageo","CAP CER 0.22UF 50V X7R 1210","2,967","0.8","0","1","Tape & Reel (TR),Cut Tape (CT),Digi-Reel®","CC","Active","0.22µF","±5%","50V","X7R","-55°C ~ 125°C","-","-","General Purpose","-","Surface Mount, MLCC","1210 (3225 Metric)","0.126"""" L x 0.098"""" W (3.20mm x 2.50mm)","-","0.049"""" (1.25mm)","-","-"
"https://www.yageo.com/upload/media/product/productsearch/datasheet/mlcc/UPY-GPHC_X7R_6.3V-to-50V_18.pdf","//media.digikey.com/Renders/Yageo%20Renders/RL%20Series%201210(3225%20Metric).jpg","311-3469-2-ND,311-3469-1-ND,311-3469-6-ND","CC1210MKX7R8BB106","Yageo","Yageo","CAP CER 10UF 25V X7R 1210","4,021","0.58","0","1","Tape & Reel (TR),Cut Tape (CT),Digi-Reel®","CC","Active","10µF","±20%","25V","X7R","-55°C ~ 125°C","-","-","General Purpose","-","Surface Mount, MLCC","1210 (3225 Metric)","0.126"""" L x 0.098"""" W (3.20mm x 2.50mm)","-","0.083"""" (2.10mm)","-","-"
"https://www.yageo.com/upload/media/product/products/datasheet/mlcc/UPY-NP0X7R_MV_100-to-630V_21.pdf","//media.digikey.com/Renders/Yageo%20Renders/RL%20Series%201210(3225%20Metric).jpg","311-4516-2-ND,311-4516-1-ND,311-4516-6-ND","CC1210JKX7R0BB104","Yageo","Yageo","CAP CER 0.1UF 100V X7R 1210","14,474","0.74","0","1","Tape & Reel (TR),Cut Tape (CT),Digi-Reel®","CC","Active","0.1µF","±5%","100V","X7R","-55°C ~ 125°C","-","-","General Purpose","-","Surface Mount, MLCC","1210 (3225 Metric)","0.126"""" L x 0.098"""" W (3.20mm x 2.50mm)","-","0.037"""" (0.95mm)","-","-"
"https://www.yageo.com/upload/media/product/products/datasheet/mlcc/UPY-NP0X7R_HV_1KV-to-3KV_11.pdf","//media.digikey.com/Renders/Yageo%20Renders/RL%20Series%201210(3225%20Metric).jpg","311-2042-2-ND,311-2042-1-ND,311-2042-6-ND","CC1210KKX7RCBB472","Yageo","Yageo","CAP CER 4700PF 1KV X7R 1210","2,465","0.79","0","1","Tape & Reel (TR),Cut Tape (CT),Digi-Reel®","CC","Active","4700pF","±10%","1000V (1kV)","X7R","-55°C ~ 125°C","High Voltage","-","General Purpose","-","Surface Mount, MLCC","1210 (3225 Metric)","0.126"""" L x 0.098"""" W (3.20mm x 2.50mm)","-","0.057"""" (1.45mm)","-","-"
"https://www.yageo.com/upload/media/product/products/datasheet/mlcc/UPY-NP0X7R_MV_100-to-630V_21.pdf","//media.digikey.com/Renders/Yageo%20Renders/RL%20Series%201210(3225%20Metric).jpg","311-4520-2-ND,311-4520-1-ND,311-4520-6-ND","CC1210KKX7R0BB223","Yageo","Yageo","CAP CER 0.022UF 100V X7R 1210","9,481","0.59","0","1","Tape & Reel (TR),Cut Tape (CT),Digi-Reel®","CC","Active","0.022µF","±10%","100V","X7R","-55°C ~ 125°C","-","-","General Purpose","-","Surface Mount, MLCC","1210 (3225 Metric)","0.126"""" L x 0.098"""" W (3.20mm x 2.50mm)","-","0.037"""" (0.95mm)","-","-"
"https://www.yageo.com/upload/media/product/products/datasheet/mlcc/UPY-NP0X7R_MV_100-to-630V_21.pdf","//media.digikey.com/Renders/Yageo%20Renders/RL%20Series%201210(3225%20Metric).jpg","311-3404-2-ND,311-3404-1-ND,311-3404-6-ND","CC1210KKX7RABB104","Yageo","Yageo","CAP CER 0.1UF 200V X7R 1210","5,285","0.66","0","1","Tape & Reel (TR),Cut Tape (CT),Digi-Reel®","CC","Active","0.1µF","±10%","200V","X7R","-55°C ~ 125°C","-","-","General Purpose","-","Surface Mount, MLCC","1210 (3225 Metric)","0.126"""" L x 0.098"""" W (3.20mm x 2.50mm)","-","0.057"""" (1.45mm)","-","-"
"https://www.yageo.com/upload/media/product/products/datasheet/mlcc/UPY-NP0X7R_MV_100-to-630V_21.pdf","//media.digikey.com/Renders/Yageo%20Renders/RL%20Series%201210(3225%20Metric).jpg","311-2023-2-ND,311-2023-1-ND,311-2023-6-ND","CC1210KKX7R0BB105","Yageo","Yageo","CAP CER 1UF 100V X7R 1210","63,028","0.71","0","1","Tape & Reel (TR),Cut Tape (CT),Digi-Reel®","CC","Active","1µF","±10%","100V","X7R","-55°C ~ 125°C","-","-","General Purpose","-","Surface Mount, MLCC","1210 (3225 Metric)","0.126"""" L x 0.098"""" W (3.20mm x 2.50mm)","-","0.087"""" (2.20mm)","-","-"
"https://www.yageo.com/upload/media/product/productsearch/datasheet/mlcc/UPY-GPHC_X7R_6.3V-to-50V_18.pdf","//media.digikey.com/Renders/Yageo%20Renders/RL%20Series%201210(3225%20Metric).jpg","311-3542-2-ND,311-3542-1-ND,311-3542-6-ND","CC1210MKX7R9BB106","Yageo","Yageo","CAP CER 10UF 50V X7R 1210","479","0.79","0","1","Tape & Reel (TR),Cut Tape (CT),Digi-Reel®","CC","Active","10µF","±20%","50V","X7R","-55°C ~ 125°C","-","-","General Purpose","-","Surface Mount, MLCC","1210 (3225 Metric)","0.126"""" L x 0.098"""" W (3.20mm x 2.50mm)","-","-","-","-"
"https://www.yageo.com/upload/website/yageo_High%20Capacitance%20MLCCs_2016_19050911_141.pdf","//media.digikey.com/Renders/Yageo%20Renders/RL%20Series%201210(3225%20Metric).jpg","311-3536-2-ND,311-3536-1-ND,311-3536-6-ND","CC1210KKX7RGBB106","Yageo","Yageo","CAP CER 10UF 35V X7R 1210","825","0.79","0","1","Tape & Reel (TR),Cut Tape (CT),Digi-Reel®","CC","Active","10µF","±10%","35V","X7R","-55°C ~ 125°C","-","-","General Purpose","-","Surface Mount, MLCC","1210 (3225 Metric)","0.126"""" L x 0.098"""" W (3.20mm x 2.50mm)","-","-","-","-"
"https://www.yageo.com/upload/media/product/products/datasheet/mlcc/UPY-NP0X7R_HV_1KV-to-3KV_11.pdf","//media.digikey.com/Renders/Yageo%20Renders/RL%20Series%201210(3225%20Metric).jpg","311-2043-2-ND,311-2043-1-ND,311-2043-6-ND","CC1210KKX7RDBB102","Yageo","Yageo","CAP CER 1000PF 2KV X7R 1210","6,605","0.63","0","1","Tape & Reel (TR),Cut Tape (CT),Digi-Reel®","CC","Active","1000pF","±10%","2000V (2kV)","X7R","-55°C ~ 125°C","High Voltage","-","General Purpose","-","Surface Mount, MLCC","1210 (3225 Metric)","0.126"""" L x 0.098"""" W (3.20mm x 2.50mm)","-","0.057"""" (1.45mm)","-","-"
"https://www.yageo.com/upload/media/product/productsearch/datasheet/mlcc/UPY-GPHC_X7R_6.3V-to-50V_18.pdf","//media.digikey.com/Renders/Yageo%20Renders/RL%20Series%201210(3225%20Metric).jpg","311-3543-2-ND,311-3543-1-ND,311-3543-6-ND","CC1210MKX7R9BB475","Yageo","Yageo","CAP CER 4.7UF 50V X7R 1210","284","0.47","0","1","Tape & Reel (TR),Cut Tape (CT),Digi-Reel®","CC","Active","4.7µF","±20%","50V","X7R","-55°C ~ 125°C","-","-","General Purpose","-","Surface Mount, MLCC","1210 (3225 Metric)","0.126"""" L x 0.098"""" W (3.20mm x 2.50mm)","-","0.110"""" (2.80mm)","-","-"
"https://www.yageo.com/upload/media/product/productsearch/datasheet/mlcc/UPY-GPHC_X7R_6.3V-to-50V_18.pdf","//media.digikey.com/Renders/Yageo%20Renders/RL%20Series%201210(3225%20Metric).jpg","311-2030-2-ND,311-2030-1-ND,311-2030-6-ND","CC1210KKX7R8BB105","Yageo","Yageo","CAP CER 1UF 25V X7R 1210","2,307","0.39","0","1","Tape & Reel (TR),Cut Tape (CT),Digi-Reel®","CC","Active","1µF","±10%","25V","X7R","-55°C ~ 125°C","-","-","General Purpose","-","Surface Mount, MLCC","1210 (3225 Metric)","0.126"""" L x 0.098"""" W (3.20mm x 2.50mm)","-","0.057"""" (1.45mm)","-","-"
"https://www.yageo.com/upload/media/product/productsearch/datasheet/mlcc/UPY-GPHC_X7R_6.3V-to-50V_18.pdf","//media.digikey.com/Renders/Yageo%20Renders/RL%20Series%201210(3225%20Metric).jpg","311-2029-2-ND,311-2029-1-ND,311-2029-6-ND","CC1210KKX7R7BB475","Yageo","Yageo","CAP CER 4.7UF 16V X7R 1210","876","0.4","0","1","Tape & Reel (TR),Cut Tape (CT),Digi-Reel®","CC","Active","4.7µF","±10%","16V","X7R","-55°C ~ 125°C","-","-","General Purpose","-","Surface Mount, MLCC","1210 (3225 Metric)","0.126"""" L x 0.098"""" W (3.20mm x 2.50mm)","-","0.083"""" (2.10mm)","-","-"
"https://www.yageo.com/upload/media/product/products/datasheet/mlcc/UPY-NP0X7R_HV_1KV-to-3KV_11.pdf","//media.digikey.com/Renders/Yageo%20Renders/RL%20Series%201210(3225%20Metric).jpg","311-2041-2-ND,311-2041-1-ND,311-2041-6-ND","CC1210KKX7RCBB223","Yageo","Yageo","CAP CER 0.022UF 1KV X7R 1210","203","0.91","0","1","Tape & Reel (TR),Cut Tape (CT),Digi-Reel®","CC","Active","0.022µF","±10%","1000V (1kV)","X7R","-55°C ~ 125°C","High Voltage","-","General Purpose","-","Surface Mount, MLCC","1210 (3225 Metric)","0.126"""" L x 0.098"""" W (3.20mm x 2.50mm)","-","0.057"""" (1.45mm)","-","-"
"https://www.yageo.com/upload/media/product/productsearch/datasheet/mlcc/UPY-GPHC_X7R_6.3V-to-50V_18.pdf","//media.digikey.com/Renders/Yageo%20Renders/RL%20Series%201210(3225%20Metric).jpg","311-3538-2-ND,311-3538-1-ND,311-3538-6-ND","CC1210MKX7R5BB476","Yageo","Yageo","CAP CER 47UF 6.3V X7R 1210","1,500","0.396","0","500","Tape & Reel (TR),Cut Tape (CT),Digi-Reel®","CC","Active","47µF","±20%","6.3V","X7R","-55°C ~ 125°C","-","-","General Purpose","-","Surface Mount, MLCC","1210 (3225 Metric)","0.126"""" L x 0.098"""" W (3.20mm x 2.50mm)","-","-","-","-"
"https://www.yageo.com/upload/media/product/productsearch/datasheet/mlcc/UPY-GPHC_X7R_6.3V-to-50V_18.pdf","//media.digikey.com/Renders/Yageo%20Renders/RL%20Series%201210(3225%20Metric).jpg","311-2058-2-ND,311-2058-1-ND,311-2058-6-ND","CC1210MKX7R8BB226","Yageo","Yageo","CAP CER 22UF 25V X7R 1210","6,500","1.02","0","1","Tape & Reel (TR),Cut Tape (CT),Digi-Reel®","CC","Active","22µF","±20%","25V","X7R","-55°C ~ 125°C","-","-","General Purpose","-","Surface Mount, MLCC","1210 (3225 Metric)","0.126"""" L x 0.098"""" W (3.20mm x 2.50mm)","-","0.110"""" (2.80mm)","-","-"
"https://www.yageo.com/upload/media/product/productsearch/datasheet/mlcc/UPY-GPHC_X7R_6.3V-to-50V_18.pdf","//media.digikey.com/Renders/Yageo%20Renders/RL%20Series%201210(3225%20Metric).jpg","311-2037-2-ND,311-2037-1-ND,311-2037-6-ND","CC1210KKX7R9BB475","Yageo","Yageo","CAP CER 4.7UF 50V X7R 1210","0","0.48","0","1","Tape & Reel (TR),Cut Tape (CT),Digi-Reel®","CC","Active","4.7µF","±10%","50V","X7R","-55°C ~ 125°C","-","-","General Purpose","-","Surface Mount, MLCC","1210 (3225 Metric)","0.126"""" L x 0.098"""" W (3.20mm x 2.50mm)","-","0.110"""" (2.80mm)","-","-"
"https://www.yageo.com/upload/media/product/productsearch/datasheet/mlcc/UPY-GPHC_X7R_6.3V-to-50V_18.pdf","//media.digikey.com/Renders/Yageo%20Renders/RL%20Series%201210(3225%20Metric).jpg","311-2059-2-ND,311-2059-1-ND,311-2059-6-ND","CC1210MKX7R9BB105","Yageo","Yageo","CAP CER 1UF 50V X7R 1210","0","0.39","0","1","Tape & Reel (TR),Cut Tape (CT),Digi-Reel®","CC","Active","1µF","±20%","50V","X7R","-55°C ~ 125°C","-","-","General Purpose","-","Surface Mount, MLCC","1210 (3225 Metric)","0.126"""" L x 0.098"""" W (3.20mm x 2.50mm)","-","0.057"""" (1.45mm)","-","-"
"https://www.yageo.com/upload/media/product/productsearch/datasheet/mlcc/UPY-GPHC_X7R_6.3V-to-50V_18.pdf","//media.digikey.com/Renders/Yageo%20Renders/RL%20Series%201210(3225%20Metric).jpg","311-2036-2-ND,311-2036-1-ND,311-2036-6-ND","CC1210KKX7R9BB474","Yageo","Yageo","CAP CER 0.47UF 50V X7R 1210","0","0.66","0","1","Tape & Reel (TR),Cut Tape (CT),Digi-Reel®","CC","Active","0.47µF","±10%","50V","X7R","-55°C ~ 125°C","-","-","General Purpose","-","Surface Mount, MLCC","1210 (3225 Metric)","0.126"""" L x 0.098"""" W (3.20mm x 2.50mm)","-","0.057"""" (1.45mm)","-","-"
"https://www.yageo.com/upload/media/product/productsearch/datasheet/mlcc/UPY-GPHC_X7R_6.3V-to-50V_18.pdf","//media.digikey.com/Renders/Yageo%20Renders/RL%20Series%201210(3225%20Metric).jpg","311-2028-2-ND,311-2028-1-ND,311-2028-6-ND","CC1210KKX7R7BB226","Yageo","Yageo","CAP CER 22UF 16V X7R 1210","0","0.74","0","1","Tape & Reel (TR),Cut Tape (CT),Digi-Reel®","CC","Active","22µF","±10%","16V","X7R","-55°C ~ 125°C","-","-","General Purpose","-","Surface Mount, MLCC","1210 (3225 Metric)","0.126"""" L x 0.098"""" W (3.20mm x 2.50mm)","-","0.106"""" (2.70mm)","-","-"
"https://www.yageo.com/upload/media/product/productsearch/datasheet/mlcc/UPY-GPHC_X7R_6.3V-to-50V_18.pdf","-","13-CC1210KKX7R9BB103TR-ND","CC1210KKX7R9BB103","Yageo","Yageo","CAP CER 1210","0","0.10531","0","16000","Tape & Reel (TR)","CC","Active","10000pF","±10%","50V","X7R","-55°C ~ 125°C","-","-","General Purpose","-","Surface Mount, MLCC","1210 (3225 Metric)","0.126"""" L x 0.098"""" W (3.20mm x 2.50mm)","-","0.037"""" (0.95mm)","-","-"
"https://www.yageo.com/upload/media/product/productsearch/datasheet/mlcc/UPY-GPHC_X7R_6.3V-to-50V_18.pdf","-","13-CC1210JKX7R9BB183TR-ND","CC1210JKX7R9BB183","Yageo","Yageo","CAP CER 1210","0","0.13698","0","16000","Tape & Reel (TR)","CC","Active","0.018µF","±5%","50V","X7R","-55°C ~ 125°C","-","-","General Purpose","-","Surface Mount, MLCC","1210 (3225 Metric)","0.126"""" L x 0.098"""" W (3.20mm x 2.50mm)","-","-","-","-"
"https://www.yageo.com/upload/media/product/products/datasheet/mlcc/UPY-NP0X7R_MV_100-to-630V_21.pdf","-","13-CC1210KKX7RBBB153TR-ND","CC1210KKX7RBBB153","Yageo","Yageo","CAP CER 1210","0","0.23933","0","12000","Tape & Reel (TR)","CC","Active","0.015µF","±10%","500V","X7R","-55°C ~ 125°C","-","-","General Purpose","-","Surface Mount, MLCC","1210 (3225 Metric)","0.126"""" L x 0.098"""" W (3.20mm x 2.50mm)","-","-","-","-"
"https://www.yageo.com/upload/media/product/products/datasheet/mlcc/UPY-NP0X7R_MV_100-to-630V_21.pdf","-","13-CC1210KKX7R0BB684TR-ND","CC1210KKX7R0BB684","Yageo","Yageo","CAP CER 1210","0","0.19147","0","12000","Tape & Reel (TR)","CC","Active","0.68µF","±10%","100V","X7R","-55°C ~ 125°C","-","-","General Purpose","-","Surface Mount, MLCC","1210 (3225 Metric)","0.126"""" L x 0.098"""" W (3.20mm x 2.50mm)","-","0.083"""" (2.10mm)","-","-"
"https://www.yageo.com/upload/media/product/products/datasheet/mlcc/UPY-NP0X7R_MV_100-to-630V_21.pdf","//media.digikey.com/Renders/Yageo%20Renders/RL%20Series%201210(3225%20Metric).jpg","CC1210KKX7RABB223-ND","CC1210KKX7RABB223","Yageo","Yageo","CAP CER 0.022UF 200V X7R 1210","0","0.15252","0","3000","Tape & Reel (TR)","CC","Active","0.022µF","±10%","200V","X7R","-55°C ~ 125°C","-","-","General Purpose","-","Surface Mount, MLCC","1210 (3225 Metric)","0.126"""" L x 0.098"""" W (3.20mm x 2.50mm)","-","0.057"""" (1.45mm)","-","-"
"https://www.yageo.com/upload/media/product/products/datasheet/mlcc/UPY-NP0X7R_MV_100-to-630V_21.pdf","-","13-CC1210KKX7RBBB333TR-ND","CC1210KKX7RBBB333","Yageo","Yageo","CAP CER 1210","0","0.21335","0","3000","Tape & Reel (TR)","CC","Active","0.033µF","±10%","500V","X7R","-55°C ~ 125°C","-","-","General Purpose","-","Surface Mount, MLCC","1210 (3225 Metric)","0.126"""" L x 0.098"""" W (3.20mm x 2.50mm)","-","-","-","-"
"https://www.yageo.com/upload/media/product/products/datasheet/mlcc/UPY-NP0X7R_MV_100-to-630V_21.pdf","//media.digikey.com/Renders/Yageo%20Renders/RL%20Series%201210(3225%20Metric).jpg","CC1210JKX7RABB273-ND","CC1210JKX7RABB273","Yageo","Yageo","CAP CER 0.027UF 200V X7R 1210","0","0.19418","0","12000","Tape & Reel (TR)","CC","Active","0.027µF","±5%","200V","X7R","-55°C ~ 125°C","-","-","General Purpose","-","Surface Mount, MLCC","1210 (3225 Metric)","0.126"""" L x 0.098"""" W (3.20mm x 2.50mm)","-","0.057"""" (1.45mm)","-","-"
"https://www.yageo.com/upload/media/product/products/datasheet/mlcc/UPY-NP0X7R_HV_1KV-to-3KV_11.pdf","-","13-CC1210KKX7RCBB272TR-ND","CC1210KKX7RCBB272","Yageo","Yageo","CAP CER 1210","0","0.25324","0","12000","Tape & Reel (TR)","CC","Active","2700pF","±10%","1000V (1kV)","X7R","-55°C ~ 125°C","High Voltage","-","General Purpose","-","Surface Mount, MLCC","1210 (3225 Metric)","0.126"""" L x 0.098"""" W (3.20mm x 2.50mm)","-","-","-","-"
"https://www.yageo.com/upload/media/product/products/datasheet/mlcc/UPY-NP0X7R_MV_100-to-630V_21.pdf","-","13-CC1210KKX7RYBB223TR-ND","CC1210KKX7RYBB223","Yageo","Yageo","CAP CER 1210","0","0.11916","0","12000","Tape & Reel (TR)","CC","Active","0.022µF","±10%","250V","X7R","-55°C ~ 125°C","-","-","General Purpose","-","Surface Mount, MLCC","1210 (3225 Metric)","0.126"""" L x 0.098"""" W (3.20mm x 2.50mm)","-","-","-","-"
"https://www.yageo.com/upload/media/product/productsearch/datasheet/mlcc/UPY-GPHC_X7R_6.3V-to-50V_18.pdf","-","13-CC1210JKX7R9BB563TR-ND","CC1210JKX7R9BB563","Yageo","Yageo","CAP CER 1210","0","0.13698","0","16000","Tape & Reel (TR)","CC","Active","0.056µF","±5%","50V","X7R","-55°C ~ 125°C","-","-","General Purpose","-","Surface Mount, MLCC","1210 (3225 Metric)","0.126"""" L x 0.098"""" W (3.20mm x 2.50mm)","-","-","-","-"
"https://www.yageo.com/upload/media/product/products/datasheet/mlcc/UPY-NP0X7R_HV_1KV-to-3KV_11.pdf","-","13-CC1210KKX7RDBB152TR-ND","CC1210KKX7RDBB152","Yageo","Yageo","CAP CER 1210","0","0.15846","0","3000","Tape & Reel (TR)","CC","Active","1500pF","±10%","2000V (2kV)","X7R","-55°C ~ 125°C","High Voltage","-","General Purpose","-","Surface Mount, MLCC","1210 (3225 Metric)","0.126"""" L x 0.098"""" W (3.20mm x 2.50mm)","-","-","-","-"
"https://www.yageo.com/upload/media/product/productsearch/datasheet/mlcc/UPY-GPHC_X7R_6.3V-to-50V_18.pdf","-","13-CC1210KKX7R8BB684TR-ND","CC1210KKX7R8BB684","Yageo","Yageo","CAP CER 1210","0","0.21062","0","12000","Tape & Reel (TR)","CC","Active","0.68µF","±10%","25V","X7R","-55°C ~ 125°C","-","-","General Purpose","-","Surface Mount, MLCC","1210 (3225 Metric)","0.126"""" L x 0.098"""" W (3.20mm x 2.50mm)","-","0.049"""" (1.25mm)","-","-"
"https://www.yageo.com/upload/media/product/products/datasheet/mlcc/UPY-NP0X7R_MV_100-to-630V_21.pdf","-","13-CC1210KKX7RZBB223TR-ND","CC1210KKX7RZBB223","Yageo","Yageo","CAP CER 1210","0","0.76731","0","6000","Tape & Reel (TR)","CC","Active","0.022µF","±10%","630V","X7R","-55°C ~ 125°C","-","-","General Purpose","-","Surface Mount, MLCC","1210 (3225 Metric)","0.126"""" L x 0.098"""" W (3.20mm x 2.50mm)","-","-","-","-"
"https://www.yageo.com/upload/media/product/products/datasheet/mlcc/UPY-NP0X7R_MV_100-to-630V_21.pdf","-","13-CC1210KKX7RYBB103TR-ND","CC1210KKX7RYBB103","Yageo","Yageo","CAP CER 1210","0","0.12035","0","16000","Tape & Reel (TR)","CC","Active","10000pF","±10%","250V","X7R","-55°C ~ 125°C","-","-","General Purpose","-","Surface Mount, MLCC","1210 (3225 Metric)","0.126"""" L x 0.098"""" W (3.20mm x 2.50mm)","-","0.037"""" (0.95mm)","-","-"
"https://www.yageo.com/upload/media/product/productsearch/datasheet/mlcc/UPY-GPHC_X7R_6.3V-to-50V_18.pdf","-","13-CC1210JKX7R9BB473TR-ND","CC1210JKX7R9BB473","Yageo","Yageo","CAP CER 1210","0","0.13698","0","16000","Tape & Reel (TR)","CC","Active","0.047µF","±5%","50V","X7R","-55°C ~ 125°C","-","-","General Purpose","-","Surface Mount, MLCC","1210 (3225 Metric)","0.126"""" L x 0.098"""" W (3.20mm x 2.50mm)","-","0.037"""" (0.95mm)","-","-"
"https://www.yageo.com/upload/media/product/products/datasheet/mlcc/UPY-NP0X7R_MV_100-to-630V_21.pdf","-","13-CC1210KKX7R0BB124TR-ND","CC1210KKX7R0BB124","Yageo","Yageo","CAP CER 1210","0","0.24386","0","12000","Tape & Reel (TR)","CC","Active","0.12µF","±10%","100V","X7R","-55°C ~ 125°C","-","-","General Purpose","-","Surface Mount, MLCC","1210 (3225 Metric)","0.126"""" L x 0.098"""" W (3.20mm x 2.50mm)","-","-","-","-"
"https://www.yageo.com/upload/media/product/productsearch/datasheet/mlcc/UPY-GPHC_X7R_6.3V-to-50V_18.pdf","//media.digikey.com/Renders/Yageo%20Renders/RL%20Series%201210(3225%20Metric).jpg","CC1210JKX7R9BB104-ND","CC1210JKX7R9BB104","Yageo","Yageo","CAP CER 0.1UF 50V X7R 1210","0","0.15068","0","16000","Tape & Reel (TR)","CC","Active","0.1µF","±5%","50V","X7R","-55°C ~ 125°C","-","-","General Purpose","-","Surface Mount, MLCC","1210 (3225 Metric)","0.126"""" L x 0.098"""" W (3.20mm x 2.50mm)","-","0.037"""" (0.95mm)","-","-"
"https://www.yageo.com/upload/media/product/productsearch/datasheet/mlcc/UPY-GPHC_X7R_6.3V-to-50V_18.pdf","-","13-CC1210JKX7R9BB683TR-ND","CC1210JKX7R9BB683","Yageo","Yageo","CAP CER 1210","0","0.16551","0","16000","Tape & Reel (TR)","CC","Active","0.068µF","±5%","50V","X7R","-55°C ~ 125°C","-","-","General Purpose","-","Surface Mount, MLCC","1210 (3225 Metric)","0.126"""" L x 0.098"""" W (3.20mm x 2.50mm)","-","0.037"""" (0.95mm)","-","-"
"https://www.yageo.com/upload/media/product/productsearch/datasheet/mlcc/UPY-GPHC_X7R_6.3V-to-50V_18.pdf","-","13-CC1210JKX7R9BB333TR-ND","CC1210JKX7R9BB333","Yageo","Yageo","CAP CER 1210","0","0.13698","0","16000","Tape & Reel (TR)","CC","Active","0.033µF","±5%","50V","X7R","-55°C ~ 125°C","-","-","General Purpose","-","Surface Mount, MLCC","1210 (3225 Metric)","0.126"""" L x 0.098"""" W (3.20mm x 2.50mm)","-","0.037"""" (0.95mm)","-","-"
"https://www.yageo.com/upload/media/product/products/datasheet/mlcc/UPY-NP0X7R_MV_100-to-630V_21.pdf","//media.digikey.com/Renders/Yageo%20Renders/RL%20Series%201210(3225%20Metric).jpg","CC1210KKX7RBBB332-ND","CC1210KKX7RBBB332","Yageo","Yageo","CAP CER 3300PF 500V X7R 1210","0","0.16766","0","12000","Tape & Reel (TR)","CC","Active","3300pF","±10%","500V","X7R","-55°C ~ 125°C","-","-","General Purpose","-","Surface Mount, MLCC","1210 (3225 Metric)","0.126"""" L x 0.098"""" W (3.20mm x 2.50mm)","-","0.057"""" (1.45mm)","-","-"
"https://www.yageo.com/upload/media/product/products/datasheet/mlcc/UPY-NP0X7R_MV_100-to-630V_21.pdf","-","13-CC1210JKX7RABB473TR-ND","CC1210JKX7RABB473","Yageo","Yageo","CAP CER 1210","0","0.51302","0","12000","Tape & Reel (TR)","CC","Active","0.047µF","±5%","200V","X7R","-55°C ~ 125°C","-","-","General Purpose","-","Surface Mount, MLCC","1210 (3225 Metric)","0.126"""" L x 0.098"""" W (3.20mm x 2.50mm)","-","-","-","-"
"https://www.yageo.com/upload/media/product/productsearch/datasheet/mlcc/UPY-GPHC_X7R_6.3V-to-50V_18.pdf","//media.digikey.com/Renders/Yageo%20Renders/RL%20Series%201210(3225%20Metric).jpg","CC1210KKX7R8BB334-ND","CC1210KKX7R8BB334","Yageo","Yageo","CAP CER 0.33UF 25V X7R 1210","0","0.15459","0","16000","Tape & Reel (TR)","CC","Active","0.33µF","±10%","25V","X7R","-55°C ~ 125°C","-","-","General Purpose","-","Surface Mount, MLCC","1210 (3225 Metric)","0.126"""" L x 0.098"""" W (3.20mm x 2.50mm)","-","0.037"""" (0.95mm)","-","-"
"https://www.yageo.com/upload/media/product/products/datasheet/mlcc/UPY-NP0X7R_MV_100-to-630V_21.pdf","-","13-CC1210KKX7RYBB683TR-ND","CC1210KKX7RYBB683","Yageo","Yageo","CAP CER 1210","0","0.20104","0","12000","Tape & Reel (TR)","CC","Active","0.068µF","±10%","250V","X7R","-55°C ~ 125°C","-","-","General Purpose","-","Surface Mount, MLCC","1210 (3225 Metric)","0.126"""" L x 0.098"""" W (3.20mm x 2.50mm)","-","-","-","-"
"https://www.yageo.com/upload/media/product/products/datasheet/mlcc/UPY-NP0X7R_HV_1KV-to-3KV_11.pdf","-","13-CC1210KKX7RCBB332TR-ND","CC1210KKX7RCBB332","Yageo","Yageo","CAP CER 1210","0","0.21162","0","6000","Tape & Reel (TR)","CC","Active","3300pF","±10%","1000V (1kV)","X7R","-55°C ~ 125°C","High Voltage","-","General Purpose","-","Surface Mount, MLCC","1210 (3225 Metric)","0.126"""" L x 0.098"""" W (3.20mm x 2.50mm)","-","-","-","-"
"https://www.yageo.com/upload/media/product/productsearch/datasheet/mlcc/UPY-GPHC_X7R_6.3V-to-50V_18.pdf","-","13-CC1210KKX7R9BB123TR-ND","CC1210KKX7R9BB123","Yageo","Yageo","CAP CER 1210","0","0.10531","0","20000","Tape & Reel (TR)","CC","Active","0.012µF","±10%","50V","X7R","-55°C ~ 125°C","-","-","General Purpose","-","Surface Mount, MLCC","1210 (3225 Metric)","0.126"""" L x 0.098"""" W (3.20mm x 2.50mm)","-","-","-","-"
"https://www.yageo.com/upload/media/product/productsearch/datasheet/mlcc/UPY-GPHC_X7R_6.3V-to-50V_18.pdf","-","13-CC1210KKX7R9BB394TR-ND","CC1210KKX7R9BB394","Yageo","Yageo","CAP CER 1210","0","0.26261","0","12000","Tape & Reel (TR)","CC","Active","0.39µF","±10%","50V","X7R","-55°C ~ 125°C","-","-","General Purpose","-","Surface Mount, MLCC","1210 (3225 Metric)","0.126"""" L x 0.098"""" W (3.20mm x 2.50mm)","-","-","-","-"
"https://www.yageo.com/upload/media/product/productsearch/datasheet/mlcc/UPY-GPHC_X7R_6.3V-to-50V_18.pdf","-","13-CC1210KFX7R9BB224TR-ND","CC1210KFX7R9BB224","Yageo","Yageo","CAP CER 1210","0","0.10313","0","40000","Tape & Reel (TR)","CC","Active","0.22µF","±10%","50V","X7R","-55°C ~ 125°C","-","-","General Purpose","-","Surface Mount, MLCC","1210 (3225 Metric)","0.126"""" L x 0.098"""" W (3.20mm x 2.50mm)","-","0.049"""" (1.25mm)","-","-"
"https://www.yageo.com/upload/media/product/products/datasheet/mlcc/UPY-NP0X7R_MV_100-to-630V_21.pdf","//media.digikey.com/Renders/Yageo%20Renders/RL%20Series%201210(3225%20Metric).jpg","CC1210KKX7R0BB683-ND","CC1210KKX7R0BB683","Yageo","Yageo","CAP CER 0.068UF 100V X7R 1210","0","0.13413","0","16000","Tape & Reel (TR)","CC","Active","0.068µF","±10%","100V","X7R","-55°C ~ 125°C","-","-","General Purpose","-","Surface Mount, MLCC","1210 (3225 Metric)","0.126"""" L x 0.098"""" W (3.20mm x 2.50mm)","-","0.037"""" (0.95mm)","-","-"
"https://www.yageo.com/upload/media/product/products/datasheet/mlcc/UPY-NP0X7R_MV_100-to-630V_21.pdf","//media.digikey.com/Renders/Yageo%20Renders/RL%20Series%201210(3225%20Metric).jpg","CC1210JKX7RYBB104-ND","CC1210JKX7RYBB104","Yageo","Yageo","CAP CER 0.1UF 250V X7R 1210","0","0.20577","0","12000","Tape & Reel (TR)","CC","Active","0.1µF","±5%","250V","X7R","-55°C ~ 125°C","-","-","General Purpose","-","Surface Mount, MLCC","1210 (3225 Metric)","0.126"""" L x 0.098"""" W (3.20mm x 2.50mm)","-","0.057"""" (1.45mm)","-","-"
"https://www.yageo.com/upload/media/product/products/datasheet/mlcc/UPY-NP0X7R_MV_100-to-630V_21.pdf","//media.digikey.com/Renders/Yageo%20Renders/RL%20Series%201210(3225%20Metric).jpg","CC1210KKX7RABB683-ND","CC1210KKX7RABB683","Yageo","Yageo","CAP CER 0.068UF 200V X7R 1210","0","0.22115","0","12000","Tape & Reel (TR)","CC","Active","0.068µF","±10%","200V","X7R","-55°C ~ 125°C","-","-","General Purpose","-","Surface Mount, MLCC","1210 (3225 Metric)","0.126"""" L x 0.098"""" W (3.20mm x 2.50mm)","-","0.057"""" (1.45mm)","-","-"
"https://www.yageo.com/upload/media/product/productsearch/datasheet/mlcc/UPY-GPHC_X7R_6.3V-to-50V_18.pdf","//media.digikey.com/Renders/Yageo%20Renders/RL%20Series%201210(3225%20Metric).jpg","CC1210JKX7R8BB474-ND","CC1210JKX7R8BB474","Yageo","Yageo","CAP CER 0.47UF 25V X7R 1210","0","0.24391","0","12000","Tape & Reel (TR)","CC","Active","0.47µF","±5%","25V","X7R","-55°C ~ 125°C","-","-","General Purpose","-","Surface Mount, MLCC","1210 (3225 Metric)","0.126"""" L x 0.098"""" W (3.20mm x 2.50mm)","-","0.057"""" (1.45mm)","-","-"
"https://www.yageo.com/upload/media/product/productsearch/datasheet/mlcc/UPY-GPHC_X7R_6.3V-to-50V_18.pdf","-","13-CC1210JKX7R9BB223TR-ND","CC1210JKX7R9BB223","Yageo","Yageo","CAP CER 1210","0","0.13698","0","16000","Tape & Reel (TR)","CC","Active","0.022µF","±5%","50V","X7R","-55°C ~ 125°C","-","-","General Purpose","-","Surface Mount, MLCC","1210 (3225 Metric)","0.126"""" L x 0.098"""" W (3.20mm x 2.50mm)","-","0.037"""" (0.95mm)","-","-"
"https://www.yageo.com/upload/media/product/productsearch/datasheet/mlcc/UPY-GPHC_X7R_6.3V-to-50V_18.pdf","-","13-CC1210JKX7R9BB124TR-ND","CC1210JKX7R9BB124","Yageo","Yageo","CAP CER 1210","0","0.17653","0","12000","Tape & Reel (TR)","CC","Active","0.12µF","±5%","50V","X7R","-55°C ~ 125°C","-","-","General Purpose","-","Surface Mount, MLCC","1210 (3225 Metric)","0.126"""" L x 0.098"""" W (3.20mm x 2.50mm)","-","-","-","-"
"https://www.yageo.com/upload/media/product/products/datasheet/mlcc/UPY-NP0X7R_HV_1KV-to-3KV_11.pdf","-","13-CC1210KKX7RCBB183TR-ND","CC1210KKX7RCBB183","Yageo","Yageo","CAP CER 1210","0","0.3095","0","12000","Tape & Reel (TR)","CC","Active","0.018µF","±10%","1000V (1kV)","X7R","-55°C ~ 125°C","High Voltage","-","General Purpose","-","Surface Mount, MLCC","1210 (3225 Metric)","0.126"""" L x 0.098"""" W (3.20mm x 2.50mm)","-","-","-","-"
"https://www.yageo.com/upload/media/product/productsearch/datasheet/mlcc/UPY-GPHC_X7R_6.3V-to-50V_18.pdf","//media.digikey.com/Renders/Yageo%20Renders/RL%20Series%201210(3225%20Metric).jpg","CC1210KKX7R9BB473-ND","CC1210KKX7R9BB473","Yageo","Yageo","CAP CER 0.047UF 50V X7R 1210","0","0.11584","0","16000","Tape & Reel (TR)","CC","Active","0.047µF","±10%","50V","X7R","-55°C ~ 125°C","-","-","General Purpose","-","Surface Mount, MLCC","1210 (3225 Metric)","0.126"""" L x 0.098"""" W (3.20mm x 2.50mm)","-","0.037"""" (0.95mm)","-","-"
"https://www.yageo.com/upload/media/product/products/datasheet/mlcc/UPY-NP0X7R_MV_100-to-630V_21.pdf","-","13-CC1210KKX7RABB103TR-ND","CC1210KKX7RABB103","Yageo","Yageo","CAP CER 1210","0","0.12035","0","16000","Tape & Reel (TR)","CC","Active","10000pF","±10%","200V","X7R","-55°C ~ 125°C","-","-","General Purpose","-","Surface Mount, MLCC","1210 (3225 Metric)","0.126"""" L x 0.098"""" W (3.20mm x 2.50mm)","-","-","-","-"
"https://www.yageo.com/upload/media/product/productsearch/datasheet/mlcc/UPY-GPHC_X7R_6.3V-to-50V_18.pdf","-","13-CC1210JKX7R9BB823TR-ND","CC1210JKX7R9BB823","Yageo","Yageo","CAP CER 1210","0","0.13698","0","16000","Tape & Reel (TR)","CC","Active","0.082µF","±5%","50V","X7R","-55°C ~ 125°C","-","-","General Purpose","-","Surface Mount, MLCC","1210 (3225 Metric)","0.126"""" L x 0.098"""" W (3.20mm x 2.50mm)","-","-","-","-"
"https://www.yageo.com/upload/media/product/productsearch/datasheet/mlcc/UPY-GPHC_X7R_6.3V-to-50V_18.pdf","-","13-CC1210KKX7R9BB333TR-ND","CC1210KKX7R9BB333","Yageo","Yageo","CAP CER 1210","0","0.14384","0","16000","Tape & Reel (TR)","CC","Active","0.033µF","±10%","50V","X7R","-55°C ~ 125°C","-","-","General Purpose","-","Surface Mount, MLCC","1210 (3225 Metric)","0.126"""" L x 0.098"""" W (3.20mm x 2.50mm)","-","0.037"""" (0.95mm)","-","-"
"https://www.yageo.com/upload/media/product/productsearch/datasheet/mlcc/UPY-GPHC_X7R_6.3V-to-50V_18.pdf","-","13-CC1210JKX7R9BB184TR-ND","CC1210JKX7R9BB184","Yageo","Yageo","CAP CER 1210","0","0.17653","0","12000","Tape & Reel (TR)","CC","Active","0.18µF","±5%","50V","X7R","-55°C ~ 125°C","-","-","General Purpose","-","Surface Mount, MLCC","1210 (3225 Metric)","0.126"""" L x 0.098"""" W (3.20mm x 2.50mm)","-","-","-","-"
"https://www.yageo.com/upload/media/product/productsearch/datasheet/mlcc/UPY-GPHC_X7R_6.3V-to-50V_18.pdf","//media.digikey.com/Renders/Yageo%20Renders/RL%20Series%201210(3225%20Metric).jpg","CC1210JKX7R8BB224-ND","CC1210JKX7R8BB224","Yageo","Yageo","CAP CER 0.22UF 25V X7R 1210","0","0.19418","0","16000","Tape & Reel (TR)","CC","Active","0.22µF","±5%","25V","X7R","-55°C ~ 125°C","-","-","General Purpose","-","Surface Mount, MLCC","1210 (3225 Metric)","0.126"""" L x 0.098"""" W (3.20mm x 2.50mm)","-","0.037"""" (0.95mm)","-","-"
"https://www.yageo.com/upload/media/product/productsearch/datasheet/mlcc/UPY-GPHC_X7R_6.3V-to-50V_18.pdf","//media.digikey.com/Renders/Yageo%20Renders/RL%20Series%201210(3225%20Metric).jpg","CC1210JKX7R9BB154-ND","CC1210JKX7R9BB154","Yageo","Yageo","CAP CER 0.15UF 50V X7R 1210","0","0.19418","0","12000","Tape & Reel (TR)","CC","Active","0.15µF","±5%","50V","X7R","-55°C ~ 125°C","-","-","General Purpose","-","Surface Mount, MLCC","1210 (3225 Metric)","0.126"""" L x 0.098"""" W (3.20mm x 2.50mm)","-","0.049"""" (1.25mm)","-","-"
"https://www.yageo.com/upload/media/product/products/datasheet/mlcc/UPY-NP0X7R_HV_1KV-to-3KV_11.pdf","//media.digikey.com/Renders/Yageo%20Renders/RL%20Series%201210(3225%20Metric).jpg","CC1210KKX7RCBB102-ND","CC1210KKX7RCBB102","Yageo","Yageo","CAP CER 1000PF 1KV X7R 1210","0","0.24941","0","3000","Tape & Reel (TR)","CC","Active","1000pF","±10%","1000V (1kV)","X7R","-55°C ~ 125°C","High Voltage","-","General Purpose","-","Surface Mount, MLCC","1210 (3225 Metric)","0.126"""" L x 0.098"""" W (3.20mm x 2.50mm)","-","0.057"""" (1.45mm)","-","-"
"https://www.yageo.com/upload/media/product/productsearch/datasheet/mlcc/UPY-GPHC_X7R_6.3V-to-50V_18.pdf","-","13-CC1210JKX7R9BB334TR-ND","CC1210JKX7R9BB334","Yageo","Yageo","CAP CER 1210","0","0.17653","0","12000","Tape & Reel (TR)","CC","Active","0.33µF","±5%","50V","X7R","-55°C ~ 125°C","-","-","General Purpose","-","Surface Mount, MLCC","1210 (3225 Metric)","0.126"""" L x 0.098"""" W (3.20mm x 2.50mm)","-","0.049"""" (1.25mm)","-","-"
"https://www.yageo.com/upload/media/product/products/datasheet/mlcc/UPY-NP0X7R_MV_100-to-630V_21.pdf","//media.digikey.com/Renders/Yageo%20Renders/RL%20Series%201210(3225%20Metric).jpg","CC1210JKX7R0BB224-ND","CC1210JKX7R0BB224","Yageo","Yageo","CAP CER 0.22UF 100V X7R 1210","0","0.20071","0","12000","Tape & Reel (TR)","CC","Active","0.22µF","±5%","100V","X7R","-55°C ~ 125°C","-","-","General Purpose","-","Surface Mount, MLCC","1210 (3225 Metric)","0.126"""" L x 0.098"""" W (3.20mm x 2.50mm)","-","0.057"""" (1.45mm)","-","-"
"https://www.yageo.com/upload/media/product/productsearch/datasheet/mlcc/UPY-GPHC_X7R_6.3V-to-50V_18.pdf","-","13-CC1210KKX7R9BB684TR-ND","CC1210KKX7R9BB684","Yageo","Yageo","CAP CER 1210","0","0.21062","0","12000","Tape & Reel (TR)","CC","Active","0.68µF","±10%","50V","X7R","-55°C ~ 125°C","-","-","General Purpose","-","Surface Mount, MLCC","1210 (3225 Metric)","0.126"""" L x 0.098"""" W (3.20mm x 2.50mm)","-","0.057"""" (1.45mm)","-","-"
"https://www.yageo.com/upload/media/product/products/datasheet/mlcc/UPY-NP0X7R_MV_100-to-630V_21.pdf","-","13-CC1210KKX7R0BB474TR-ND","CC1210KKX7R0BB474","Yageo","Yageo","CAP CER 1210","0","0.24833","0","3000","Tape & Reel (TR)","CC","Active","0.47µF","±10%","100V","X7R","-55°C ~ 125°C","-","-","General Purpose","-","Surface Mount, MLCC","1210 (3225 Metric)","0.126"""" L x 0.098"""" W (3.20mm x 2.50mm)","-","-","-","-"
"https://www.yageo.com/upload/media/product/productsearch/datasheet/mlcc/UPY-GPHC_X7R_6.3V-to-50V_18.pdf","-","13-CC1210JKX7R9BB123TR-ND","CC1210JKX7R9BB123","Yageo","Yageo","CAP CER 1210","0","0.13698","0","16000","Tape & Reel (TR)","CC","Active","0.012µF","±5%","50V","X7R","-55°C ~ 125°C","-","-","General Purpose","-","Surface Mount, MLCC","1210 (3225 Metric)","0.126"""" L x 0.098"""" W (3.20mm x 2.50mm)","-","-","-","-"
"https://www.yageo.com/upload/media/product/productsearch/datasheet/mlcc/UPY-GPHC_X7R_6.3V-to-50V_18.pdf","-","13-CC1210KFX7R9BB154TR-ND","CC1210KFX7R9BB154","Yageo","Yageo","CAP CER 1210","0","0.13798","0","40000","Tape & Reel (TR)","CC","Active","0.15µF","±10%","50V","X7R","-55°C ~ 125°C","-","-","General Purpose","-","Surface Mount, MLCC","1210 (3225 Metric)","0.126"""" L x 0.098"""" W (3.20mm x 2.50mm)","-","0.049"""" (1.25mm)","-","-"
"https://www.yageo.com/upload/media/product/products/datasheet/mlcc/UPY-NP0X7R_MV_100-to-630V_21.pdf","//media.digikey.com/Renders/Yageo%20Renders/RL%20Series%201210(3225%20Metric).jpg","CC1210KKX7RBBB562-ND","CC1210KKX7RBBB562","Yageo","Yageo","CAP CER 5600PF 500V X7R 1210","0","0.18486","0","12000","Tape & Reel (TR)","CC","Active","5600pF","±10%","500V","X7R","-55°C ~ 125°C","-","-","General Purpose","-","Surface Mount, MLCC","1210 (3225 Metric)","0.126"""" L x 0.098"""" W (3.20mm x 2.50mm)","-","0.057"""" (1.45mm)","-","-"
"https://www.yageo.com/upload/media/product/products/datasheet/mlcc/UPY-NP0X7R_MV_100-to-630V_21.pdf","-","13-CC1210KKX7R0BB682TR-ND","CC1210KKX7R0BB682","Yageo","Yageo","CAP CER 1210","0","0.11085","0","16000","Tape & Reel (TR)","CC","Active","6800pF","±10%","100V","X7R","-55°C ~ 125°C","-","-","General Purpose","-","Surface Mount, MLCC","1210 (3225 Metric)","0.126"""" L x 0.098"""" W (3.20mm x 2.50mm)","-","-","-","-"
"https://www.yageo.com/upload/media/product/productsearch/datasheet/mlcc/UPY-GPHC_X7R_6.3V-to-50V_18.pdf","-","13-CC1210KKX7R9BB184TR-ND","CC1210KKX7R9BB184","Yageo","Yageo","CAP CER 1210","0","0.14054","0","12000","Tape & Reel (TR)","CC","Active","0.18µF","±10%","50V","X7R","-55°C ~ 125°C","-","-","General Purpose","-","Surface Mount, MLCC","1210 (3225 Metric)","0.126"""" L x 0.098"""" W (3.20mm x 2.50mm)","-","-","-","-"
"https://www.yageo.com/upload/media/product/products/datasheet/mlcc/UPY-NP0X7R_MV_100-to-630V_21.pdf","//media.digikey.com/Renders/Yageo%20Renders/RL%20Series%201210(3225%20Metric).jpg","CC1210KKX7RYBB473-ND","CC1210KKX7RYBB473","Yageo","Yageo","CAP CER 0.047UF 250V X7R 1210","0","0.15895","0","12000","Tape & Reel (TR)","CC","Active","0.047µF","±10%","250V","X7R","-55°C ~ 125°C","-","-","General Purpose","-","Surface Mount, MLCC","1210 (3225 Metric)","0.126"""" L x 0.098"""" W (3.20mm x 2.50mm)","-","0.057"""" (1.45mm)","-","-"
"https://www.yageo.com/upload/media/product/products/datasheet/mlcc/UPY-NP0X7R_MV_100-to-630V_21.pdf","-","13-CC1210KKX7RYBB154TR-ND","CC1210KKX7RYBB154","Yageo","Yageo","CAP CER 1210","0","0.21062","0","12000","Tape & Reel (TR)","CC","Active","0.15µF","±10%","250V","X7R","-55°C ~ 125°C","-","-","General Purpose","-","Surface Mount, MLCC","1210 (3225 Metric)","0.126"""" L x 0.098"""" W (3.20mm x 2.50mm)","-","0.057"""" (1.45mm)","-","-"
"https://www.yageo.com/upload/media/product/productsearch/datasheet/mlcc/UPY-GPHC_X7R_6.3V-to-50V_18.pdf","-","13-CC1210KFX7R9BB104TR-ND","CC1210KFX7R9BB104","Yageo","Yageo","CAP CER 1210","0","0.0982","0","40000","Tape & Reel (TR)","CC","Active","0.1µF","±10%","50V","X7R","-55°C ~ 125°C","-","-","General Purpose","-","Surface Mount, MLCC","1210 (3225 Metric)","0.126"""" L x 0.098"""" W (3.20mm x 2.50mm)","-","0.037"""" (0.95mm)","-","-"
"https://www.yageo.com/upload/media/product/products/datasheet/mlcc/UPY-NP0X7R_MV_100-to-630V_21.pdf","-","13-CC1210KFX7R0BB104TR-ND","CC1210KFX7R0BB104","Yageo","Yageo","CAP CER 1210","0","0.10313","0","40000","Tape & Reel (TR)","CC","Active","0.1µF","±10%","100V","X7R","-55°C ~ 125°C","-","-","General Purpose","-","Surface Mount, MLCC","1210 (3225 Metric)","0.126"""" L x 0.098"""" W (3.20mm x 2.50mm)","-","0.037"""" (0.95mm)","-","-"
"https://www.yageo.com/upload/media/product/productsearch/datasheet/mlcc/UPY-GPHC_X7R_6.3V-to-50V_18.pdf","-","13-CC1210KKX7R9BB153TR-ND","CC1210KKX7R9BB153","Yageo","Yageo","CAP CER 1210","0","0.10531","0","16000","Tape & Reel (TR)","CC","Active","0.015µF","±10%","50V","X7R","-55°C ~ 125°C","-","-","General Purpose","-","Surface Mount, MLCC","1210 (3225 Metric)","0.126"""" L x 0.098"""" W (3.20mm x 2.50mm)","-","0.037"""" (0.95mm)","-","-"
"https://www.yageo.com/upload/media/product/productsearch/datasheet/mlcc/UPY-GPHC_X7R_6.3V-to-50V_18.pdf","-","13-CC1210JKX7R8BB334TR-ND","CC1210JKX7R8BB334","Yageo","Yageo","CAP CER 1210","0","0.17653","0","16000","Tape & Reel (TR)","CC","Active","0.33µF","±5%","25V","X7R","-55°C ~ 125°C","-","-","General Purpose","-","Surface Mount, MLCC","1210 (3225 Metric)","0.126"""" L x 0.098"""" W (3.20mm x 2.50mm)","-","0.037"""" (0.95mm)","-","-"
"https://www.yageo.com/upload/media/product/productsearch/datasheet/mlcc/UPY-GPHC_X7R_6.3V-to-50V_18.pdf","-","13-CC1210KKX7R9BB223TR-ND","CC1210KKX7R9BB223","Yageo","Yageo","CAP CER 1210","0","0.10531","0","16000","Tape & Reel (TR)","CC","Active","0.022µF","±10%","50V","X7R","-55°C ~ 125°C","-","-","General Purpose","-","Surface Mount, MLCC","1210 (3225 Metric)","0.126"""" L x 0.098"""" W (3.20mm x 2.50mm)","-","0.037"""" (0.95mm)","-","-"
"https://www.yageo.com/upload/media/product/productsearch/datasheet/mlcc/UPY-GPHC_X7R_6.3V-to-50V_18.pdf","-","13-CC1210JKX7R9BB273TR-ND","CC1210JKX7R9BB273","Yageo","Yageo","CAP CER 1210","0","0.13698","0","16000","Tape & Reel (TR)","CC","Active","0.027µF","±5%","50V","X7R","-55°C ~ 125°C","-","-","General Purpose","-","Surface Mount, MLCC","1210 (3225 Metric)","0.126"""" L x 0.098"""" W (3.20mm x 2.50mm)","-","-","-","-"
"https://www.yageo.com/upload/media/product/products/datasheet/mlcc/UPY-NP0X7R_MV_100-to-630V_21.pdf","-","13-CC1210KKX7RBBB682TR-ND","CC1210KKX7RBBB682","Yageo","Yageo","CAP CER 1210","0","0.15242","0","12000","Tape & Reel (TR)","CC","Active","6800pF","±10%","500V","X7R","-55°C ~ 125°C","-","-","General Purpose","-","Surface Mount, MLCC","1210 (3225 Metric)","0.126"""" L x 0.098"""" W (3.20mm x 2.50mm)","-","-","-","-"
"https://www.yageo.com/upload/media/product/products/datasheet/mlcc/UPY-NP0X7R_MV_100-to-630V_21.pdf","-","13-CC1210KKX7RZBB103TR-ND","CC1210KKX7RZBB103","Yageo","Yageo","CAP CER 1210","0","0.20104","0","12000","Tape & Reel (TR)","CC","Active","10000pF","±10%","630V","X7R","-55°C ~ 125°C","-","-","General Purpose","-","Surface Mount, MLCC","1210 (3225 Metric)","0.126"""" L x 0.098"""" W (3.20mm x 2.50mm)","-","0.057"""" (1.45mm)","-","-"
"https://www.yageo.com/upload/media/product/products/datasheet/mlcc/UPY-NP0X7R_MV_100-to-630V_21.pdf","-","13-CC1210KKX7R0BB334TR-ND","CC1210KKX7R0BB334","Yageo","Yageo","CAP CER 1210","0","0.22018","0","12000","Tape & Reel (TR)","CC","Active","0.33µF","±10%","100V","X7R","-55°C ~ 125°C","-","-","General Purpose","-","Surface Mount, MLCC","1210 (3225 Metric)","0.126"""" L x 0.098"""" W (3.20mm x 2.50mm)","-","0.057"""" (1.45mm)","-","-"
"https://www.yageo.com/upload/media/product/productsearch/datasheet/mlcc/UPY-GPHC_X7R_6.3V-to-50V_18.pdf","-","13-CC1210KFX7R8BB474TR-ND","CC1210KFX7R8BB474","Yageo","Yageo","CAP CER 1210","0","0.13923","0","40000","Tape & Reel (TR)","CC","Active","0.47µF","±10%","25V","X7R","-55°C ~ 125°C","-","-","General Purpose","-","Surface Mount, MLCC","1210 (3225 Metric)","0.126"""" L x 0.098"""" W (3.20mm x 2.50mm)","-","0.049"""" (1.25mm)","-","-"
"https://www.yageo.com/upload/media/product/productsearch/datasheet/mlcc/UPY-GPHC_X7R_6.3V-to-50V_18.pdf","-","13-CC1210JFX7R9BB224TR-ND","CC1210JFX7R9BB224","Yageo","Yageo","CAP CER 1210","0","0.17018","0","40000","Tape & Reel (TR)","CC","Active","0.22µF","±5%","50V","X7R","-55°C ~ 125°C","-","-","General Purpose","-","Surface Mount, MLCC","1210 (3225 Metric)","0.126"""" L x 0.098"""" W (3.20mm x 2.50mm)","-","0.049"""" (1.25mm)","-","-"
"https://www.yageo.com/upload/media/product/products/datasheet/mlcc/UPY-NP0X7R_MV_100-to-630V_21.pdf","//media.digikey.com/Renders/Yageo%20Renders/RL%20Series%201210(3225%20Metric).jpg","CC1210JKX7R0BB154-ND","CC1210JKX7R0BB154","Yageo","Yageo","CAP CER 0.15UF 100V X7R 1210","0","0.18029","0","12000","Tape & Reel (TR)","CC","Active","0.15µF","±5%","100V","X7R","-55°C ~ 125°C","-","-","General Purpose","-","Surface Mount, MLCC","1210 (3225 Metric)","0.126"""" L x 0.098"""" W (3.20mm x 2.50mm)","-","0.057"""" (1.45mm)","-","-"
"https://www.yageo.com/upload/media/product/products/datasheet/mlcc/UPY-NP0X7R_MV_100-to-630V_21.pdf","-","13-CC1210KKX7R0BB333TR-ND","CC1210KKX7R0BB333","Yageo","Yageo","CAP CER 1210","0","0.11916","0","16000","Tape & Reel (TR)","CC","Active","0.033µF","±10%","100V","X7R","-55°C ~ 125°C","-","-","General Purpose","-","Surface Mount, MLCC","1210 (3225 Metric)","0.126"""" L x 0.098"""" W (3.20mm x 2.50mm)","-","-","-","-"
"https://www.yageo.com/upload/media/product/productsearch/datasheet/mlcc/UPY-GPHC_X7R_6.3V-to-50V_18.pdf","-","13-CC1210JKX7R8BB394TR-ND","CC1210JKX7R8BB394","Yageo","Yageo","CAP CER 1210","0","0.21069","0","12000","Tape & Reel (TR)","CC","Active","0.39µF","±5%","25V","X7R","-55°C ~ 125°C","-","-","General Purpose","-","Surface Mount, MLCC","1210 (3225 Metric)","0.126"""" L x 0.098"""" W (3.20mm x 2.50mm)","-","-","-","-"
"https://www.yageo.com/upload/media/product/products/datasheet/mlcc/UPY-NP0X7R_HV_1KV-to-3KV_11.pdf","-","13-CC1210KKX7RCBB222TR-ND","CC1210KKX7RCBB222","Yageo","Yageo","CAP CER 1210","0","0.22674","0","3000","Tape & Reel (TR)","CC","Active","2200pF","±10%","1000V (1kV)","X7R","-55°C ~ 125°C","High Voltage","-","General Purpose","-","Surface Mount, MLCC","1210 (3225 Metric)","0.126"""" L x 0.098"""" W (3.20mm x 2.50mm)","-","-","-","-"
"https://www.yageo.com/upload/media/product/productsearch/datasheet/mlcc/UPY-GPHC_X7R_6.3V-to-50V_18.pdf","//media.digikey.com/Renders/Yageo%20Renders/RL%20Series%201210(3225%20Metric).jpg","CC1210KKX7R8BB824-ND","CC1210KKX7R8BB824","Yageo","Yageo","CAP CER 0.82UF 25V X7R 1210","0","0.23168","0","12000","Tape & Reel (TR)","CC","Active","0.82µF","±10%","25V","X7R","-55°C ~ 125°C","-","-","General Purpose","-","Surface Mount, MLCC","1210 (3225 Metric)","0.126"""" L x 0.098"""" W (3.20mm x 2.50mm)","-","0.106"""" (2.70mm)","-","-"
"https://www.yageo.com/upload/media/product/productsearch/datasheet/mlcc/UPY-GPHC_X7R_6.3V-to-50V_18.pdf","-","13-CC1210KKX7R9BB823TR-ND","CC1210KKX7R9BB823","Yageo","Yageo","CAP CER 1210","0","0.10531","0","20000","Tape & Reel (TR)","CC","Active","0.082µF","±10%","50V","X7R","-55°C ~ 125°C","-","-","General Purpose","-","Surface Mount, MLCC","1210 (3225 Metric)","0.126"""" L x 0.098"""" W (3.20mm x 2.50mm)","-","-","-","-"
"https://www.yageo.com/upload/media/product/products/datasheet/mlcc/UPY-NP0X7R_MV_100-to-630V_21.pdf","//media.digikey.com/Renders/Yageo%20Renders/RL%20Series%201210(3225%20Metric).jpg","CC1210KKX7RABB333-ND","CC1210KKX7RABB333","Yageo","Yageo","CAP CER 0.033UF 200V X7R 1210","0","0.15895","0","12000","Tape & Reel (TR)","CC","Active","0.033µF","±10%","200V","X7R","-55°C ~ 125°C","-","-","General Purpose","-","Surface Mount, MLCC","1210 (3225 Metric)","0.126"""" L x 0.098"""" W (3.20mm x 2.50mm)","-","0.057"""" (1.45mm)","-","-"
"https://www.yageo.com/upload/media/product/productsearch/datasheet/mlcc/UPY-GPHC_X7R_6.3V-to-50V_18.pdf","-","13-CC1210KKX7R8BB225TR-ND","CC1210KKX7R8BB225","Yageo","Yageo","CAP CER 1210","0","0.29566","0","8000","Tape & Reel (TR)","CC","Active","2.2µF","±10%","25V","X7R","-55°C ~ 125°C","-","-","General Purpose","-","Surface Mount, MLCC","1210 (3225 Metric)","0.126"""" L x 0.098"""" W (3.20mm x 2.50mm)","-","0.087"""" (2.20mm)","-","-"
"https://www.yageo.com/upload/media/product/products/datasheet/mlcc/UPY-NP0X7R_MV_100-to-630V_21.pdf","-","13-CC1210JKX7R0BB124TR-ND","CC1210JKX7R0BB124","Yageo","Yageo","CAP CER 1210","0","0.31888","0","12000","Tape & Reel (TR)","CC","Active","0.12µF","±5%","100V","X7R","-55°C ~ 125°C","-","-","General Purpose","-","Surface Mount, MLCC","1210 (3225 Metric)","0.126"""" L x 0.098"""" W (3.20mm x 2.50mm)","-","-","-","-"
"https://www.yageo.com/upload/media/product/products/datasheet/mlcc/UPY-NP0X7R_MV_100-to-630V_21.pdf","-","13-CC1210KKX7R0BB823TR-ND","CC1210KKX7R0BB823","Yageo","Yageo","CAP CER 1210","0","0.77613","0","16000","Tape & Reel (TR)","CC","Active","0.082µF","±10%","100V","X7R","-55°C ~ 125°C","-","-","General Purpose","-","Surface Mount, MLCC","1210 (3225 Metric)","0.126"""" L x 0.098"""" W (3.20mm x 2.50mm)","-","-","-","-"
"https://www.yageo.com/upload/media/product/productsearch/datasheet/mlcc/UPY-GPHC_X7R_6.3V-to-50V_18.pdf","//media.digikey.com/Renders/Yageo%20Renders/RL%20Series%201210(3225%20Metric).jpg","311-2032-2-ND,311-2032-1-ND,311-2032-6-ND","CC1210KKX7R8BB226","Yageo","Yageo","CAP CER 22UF 25V X7R 1210","0","Active","0","0","Tape & Reel (TR),Cut Tape (CT),Digi-Reel®","CC","Active","22µF","±10%","25V","X7R","-55°C ~ 125°C","-","-","General Purpose","-","Surface Mount, MLCC","1210 (3225 Metric)","0.126"""" L x 0.098"""" W (3.20mm x 2.50mm)","-","0.106"""" (2.70mm)","-","-"
"https://www.yageo.com/upload/media/product/productsearch/datasheet/mlcc/UPY-GPHC_X7R_6.3V-to-50V_18.pdf","//media.digikey.com/Renders/Yageo%20Renders/RL%20Series%201210(3225%20Metric).jpg","311-3540-2-ND,311-3540-1-ND,311-3540-6-ND","CC1210MKX7R6BB476","Yageo","Yageo","CAP CER 47UF 10V X7R 1210","0","Active","0","0","Tape & Reel (TR),Cut Tape (CT),Digi-Reel®","CC","Active","47µF","±20%","10V","X7R","-55°C ~ 125°C","-","-","General Purpose","-","Surface Mount, MLCC","1210 (3225 Metric)","0.126"""" L x 0.098"""" W (3.20mm x 2.50mm)","-","0.087"""" (2.20mm)","-","-"
